wall_time,elapsed_s,yaw_deg,pitch_deg,roll_deg,flags,seq
2026-05-20T16:15:15,0.009,349.6694,2.6812,-0.1898,15,5
2026-05-20T16:15:16,1.009,348.6902,2.5908,0.1247,15,6
2026-05-20T16:15:17,2.008,348.1971,2.4445,0.0597,15,7
2026-05-20T16:15:18,3.008,347.6121,2.6765,0.1306,15,8
2026-05-20T16:15:19,4.008,346.6864,2.6149,0.1777,15,9
2026-05-20T16:15:20,5.008,346.3634,2.4354,-0.0025,15,10
2026-05-20T16:15:21,6.008,346.0808,2.0980,-0.0600,15,11
2026-05-20T16:15:22,7.009,345.1194,2.3803,-0.2194,15,12
2026-05-20T16:15:23,8.008,344.4019,2.4649,0.0046,15,13
2026-05-20T16:15:24,9.008,343.3142,2.3839,0.0499,15,14
2026-05-20T16:15:25,10.008,342.7860,2.5085,-0.1326,15,15
2026-05-20T16:15:26,11.008,342.3026,2.6308,-0.2542,15,16
2026-05-20T16:15:27,12.008,341.1284,2.6535,-0.2023,15,17
2026-05-20T16:15:28,13.008,340.0089,2.7768,-0.0742,15,18
2026-05-20T16:15:29,14.008,338.6960,2.9179,-0.0486,15,19
2026-05-20T16:15:30,15.008,337.8500,2.8547,-0.0915,15,20
2026-05-20T16:15:31,16.008,336.8044,2.9859,-0.3247,15,21
2026-05-20T16:15:32,17.008,335.5440,2.4787,-0.2128,15,22
2026-05-20T16:15:33,18.008,334.9067,2.6444,-0.3337,15,23
2026-05-20T16:15:34,19.009,333.9987,2.6884,-0.3319,15,24
2026-05-20T16:15:35,20.008,333.2379,2.0717,-0.1266,15,25
2026-05-20T16:15:36,21.008,332.3818,1.9536,-0.2371,15,26
2026-05-20T16:15:37,22.009,331.2248,1.9162,-0.2950,15,27
2026-05-20T16:15:38,23.009,330.1261,1.9753,-0.3414,15,28
2026-05-20T16:15:39,24.009,329.1727,2.2888,-0.4121,15,29
2026-05-20T16:15:40,25.009,328.5190,2.3572,-0.4633,15,30
2026-05-20T16:15:41,26.009,327.5377,2.4106,-0.6486,15,31
2026-05-20T16:15:42,27.009,326.3656,2.3686,-0.5489,15,32
2026-05-20T16:15:43,28.009,325.2794,2.4937,-0.8214,15,33
2026-05-20T16:15:44,29.007,324.3742,2.4039,-0.6942,15,34
2026-05-20T16:15:45,30.007,323.4026,2.2858,-0.8005,15,35
2026-05-20T16:15:46,31.007,322.1475,2.1468,-0.7473,15,36
2026-05-20T16:15:47,32.007,320.8366,2.0067,-0.5764,15,37
2026-05-20T16:15:48,33.007,319.4690,2.0078,-0.7049,15,38
2026-05-20T16:15:49,34.008,318.1702,1.8586,-0.7675,15,39
2026-05-20T16:15:50,35.007,317.4219,1.7741,-0.8932,15,40
2026-05-20T16:15:51,36.007,316.2806,1.6575,-0.6248,15,41
2026-05-20T16:15:52,37.007,315.1864,1.8210,-0.7733,15,42
2026-05-20T16:15:53,38.007,314.3529,1.7271,-0.7018,15,43
2026-05-20T16:15:54,39.007,313.6713,1.8054,-0.6775,15,44
2026-05-20T16:15:55,40.007,312.4056,1.9909,-0.8651,15,45
2026-05-20T16:15:56,41.005,311.4599,1.9357,-0.8183,15,46
2026-05-20T16:15:57,42.007,310.4989,1.6701,-0.8480,15,47
2026-05-20T16:15:58,43.007,309.2827,1.7432,-0.8375,15,48
2026-05-20T16:15:59,44.007,308.0689,1.6225,-0.9963,15,49
2026-05-20T16:16:00,45.007,307.1582,1.5490,-0.9090,15,50
2026-05-20T16:16:01,46.008,306.0045,1.6713,-0.7250,15,51
2026-05-20T16:16:03,48.012,,,,,
2026-05-20T16:16:03,48.020,303.8036,1.5643,-0.8589,15,53
2026-05-20T16:16:04,49.008,302.6599,1.6563,-0.9064,15,54
2026-05-20T16:16:05,50.008,301.6021,1.6151,-1.0701,15,55
2026-05-20T16:16:06,51.008,300.5646,1.6803,-1.0641,15,56
2026-05-20T16:16:07,52.009,299.4462,1.5718,-1.0581,15,57
2026-05-20T16:16:08,53.008,298.0935,1.6309,-1.0327,15,58
2026-05-20T16:16:09,54.008,297.3017,1.4660,-1.0248,15,59
2026-05-20T16:16:10,55.008,296.0959,1.3663,-1.1489,15,60
2026-05-20T16:16:11,56.008,294.8476,1.4596,-1.2383,15,61
2026-05-20T16:16:12,57.008,293.8638,1.5906,-1.2203,15,62
2026-05-20T16:16:13,58.008,292.5665,1.6445,-1.3141,15,63
2026-05-20T16:16:14,59.008,291.4521,1.8275,-1.4754,15,64
2026-05-20T16:16:15,60.008,290.0707,1.8333,-1.4071,15,65
2026-05-20T16:16:16,61.008,288.8076,1.9101,-1.3909,15,66
2026-05-20T16:16:17,62.008,287.7995,1.6588,-1.2965,15,67
2026-05-20T16:16:18,63.008,286.4509,1.6601,-1.3516,15,68
2026-05-20T16:16:19,64.008,285.1703,1.5524,-1.3144,15,69
2026-05-20T16:16:20,65.008,283.8590,1.3788,-1.3708,15,70
2026-05-20T16:16:21,66.009,282.3824,1.5506,-1.4208,15,71
2026-05-20T16:16:22,67.009,281.1545,1.4255,-1.5063,15,72
2026-05-20T16:16:23,68.009,279.9136,1.2322,-1.7297,15,73
2026-05-20T16:16:24,69.009,278.8936,1.2929,-1.6790,15,74
2026-05-20T16:16:25,70.009,277.7016,1.1224,-1.2888,15,75
2026-05-20T16:16:26,71.009,276.2672,1.0976,-1.2861,15,76
2026-05-20T16:16:27,72.009,275.1182,1.2350,-1.3823,15,77
2026-05-20T16:16:28,73.009,273.8635,1.0531,-1.2501,15,78
2026-05-20T16:16:29,74.009,272.7197,0.9571,-1.1874,15,79
2026-05-20T16:16:30,75.010,271.8383,0.8801,-1.1263,15,80
2026-05-20T16:16:31,76.009,270.4590,0.8377,-0.9122,15,81
2026-05-20T16:16:32,77.009,269.2688,1.0132,-0.8617,15,82
2026-05-20T16:16:33,78.010,268.3658,1.0007,-0.9419,15,83
2026-05-20T16:16:34,79.005,267.3526,0.7812,-0.8952,15,84
2026-05-20T16:16:35,80.008,266.1190,0.7906,-1.0990,15,85
2026-05-20T16:16:36,81.009,265.0335,0.7750,-1.4747,15,86
2026-05-20T16:16:37,82.007,264.1716,0.9962,-1.7016,15,87
2026-05-20T16:16:38,83.007,263.3813,0.7684,-1.5656,15,88
2026-05-20T16:16:39,84.009,262.3428,0.7423,-1.4062,15,89
2026-05-20T16:16:40,85.005,261.2252,0.5942,-1.3885,15,90
2026-05-20T16:16:41,86.008,260.4576,0.5362,-1.3476,15,91
2026-05-20T16:16:42,87.005,259.4334,0.5799,-1.4200,15,92
2026-05-20T16:16:43,88.008,258.5404,0.5272,-1.0972,15,93
2026-05-20T16:16:44,89.007,257.6425,0.4366,-0.8423,15,94
2026-05-20T16:16:45,90.007,256.9106,0.5290,-0.8242,15,95
2026-05-20T16:16:46,91.007,255.9707,0.7097,-0.9545,15,96
2026-05-20T16:16:47,92.007,255.0073,0.6350,-1.0604,15,97
2026-05-20T16:16:48,93.008,253.7707,0.5455,-1.0264,15,98
2026-05-20T16:16:49,94.007,253.2377,0.4118,-1.1596,15,99
2026-05-20T16:16:50,95.009,252.2035,0.3441,-0.9190,15,100
2026-05-20T16:16:51,96.009,251.4726,0.2266,-0.9691,15,101
2026-05-20T16:16:52,97.009,250.7455,0.1477,-0.8039,15,102
2026-05-20T16:16:53,98.009,249.9739,0.2147,-0.7001,15,103
2026-05-20T16:16:54,99.008,249.0427,0.2990,-0.9379,15,104
2026-05-20T16:16:55,100.009,247.9420,0.3502,-0.9174,15,105
2026-05-20T16:16:56,101.009,247.4302,0.3294,-1.1298,15,106
2026-05-20T16:16:57,102.008,247.0364,0.3370,-1.0073,15,107
2026-05-20T16:16:58,103.008,246.3176,0.3523,-0.9348,15,108
2026-05-20T16:16:59,104.008,245.5556,0.4066,-0.8069,15,109
2026-05-20T16:17:00,105.008,244.8512,0.2509,-0.6594,15,110
2026-05-20T16:17:01,106.008,243.9307,0.2867,-0.9071,15,111
2026-05-20T16:17:02,107.008,243.3019,0.2178,-0.7732,15,112
2026-05-20T16:17:03,108.008,242.6432,0.2262,-0.6701,15,113
2026-05-20T16:17:04,109.008,242.2227,0.0920,-0.5482,15,114
2026-05-20T16:17:05,110.008,241.6420,0.1232,-0.5829,15,115
2026-05-20T16:17:06,111.008,240.7130,0.0919,-0.5141,15,116
2026-05-20T16:17:07,112.008,240.0105,0.0614,-0.5127,15,117
2026-05-20T16:17:08,113.008,239.3366,0.0347,-0.6713,15,118
2026-05-20T16:17:09,114.008,238.2226,0.0515,-0.6727,15,119
2026-05-20T16:17:10,115.008,237.6224,0.0012,-0.6220,15,120
2026-05-20T16:17:11,116.008,236.9264,-0.1394,-0.7271,15,121
2026-05-20T16:17:12,117.008,236.4836,-0.0939,-0.8378,15,122
2026-05-20T16:17:13,118.009,235.9803,-0.0041,-0.7828,15,123
2026-05-20T16:17:14,119.009,235.6181,0.0114,-0.7675,15,124
2026-05-20T16:17:15,120.009,235.1692,0.0513,-0.9804,15,125
2026-05-20T16:17:16,121.009,234.8066,0.0103,-0.9609,15,126
2026-05-20T16:17:17,122.009,234.5498,0.1465,-0.6527,15,127
2026-05-20T16:17:18,123.009,233.8920,0.0078,-0.7702,15,128
2026-05-20T16:17:19,124.009,233.5888,0.0122,-0.8358,15,129
2026-05-20T16:17:20,125.009,232.9001,0.0178,-0.8483,15,130
2026-05-20T16:17:21,126.009,232.4352,0.0519,-0.8524,15,131
2026-05-20T16:17:22,127.009,231.7962,0.0114,-0.8025,15,132
2026-05-20T16:17:23,128.007,231.3757,0.0103,-0.5391,15,133
2026-05-20T16:17:24,129.007,231.0917,-0.1696,-0.5187,15,134
2026-05-20T16:17:25,130.009,230.7620,-0.2718,-0.6781,15,135
2026-05-20T16:17:26,131.007,230.3372,-0.2478,-0.7907,15,136
2026-05-20T16:17:27,132.007,229.8630,-0.0275,-0.8512,15,137
2026-05-20T16:17:28,133.007,229.3733,0.0097,-0.8397,15,138
2026-05-20T16:17:29,134.007,229.1508,-0.0497,-0.8231,15,139
2026-05-20T16:17:30,135.007,228.4634,-0.0185,-0.5742,15,140
2026-05-20T16:17:31,136.008,228.3239,-0.0296,-0.4181,15,141
2026-05-20T16:17:32,137.007,228.2211,-0.1435,-0.5781,15,142
2026-05-20T16:17:33,138.007,227.6799,-0.1336,-0.5634,15,143
2026-05-20T16:17:34,139.007,227.0651,-0.1865,-0.4121,15,144
2026-05-20T16:17:35,140.007,226.7816,-0.3001,-0.2733,15,145
2026-05-20T16:17:36,141.007,226.2557,-0.2113,-0.3857,15,146
2026-05-20T16:17:37,142.007,225.5972,-0.1501,-0.6695,15,147
2026-05-20T16:17:38,143.008,225.3208,-0.0792,-0.4868,15,148
2026-05-20T16:17:39,144.009,224.8610,-0.1958,-0.4882,15,149
2026-05-20T16:17:40,145.009,224.5934,-0.1002,-0.4439,15,150
2026-05-20T16:17:41,146.009,224.0070,-0.1005,-0.4662,15,151
2026-05-20T16:17:42,147.008,223.4670,-0.0936,-0.2501,15,152
2026-05-20T16:17:43,148.008,223.1882,-0.1744,-0.3841,15,153
2026-05-20T16:17:44,149.008,223.1158,-0.1170,-0.4506,15,154
2026-05-20T16:17:45,150.009,222.9377,-0.0649,-0.6097,15,155
2026-05-20T16:17:46,151.008,222.4926,-0.1783,-0.4744,15,156
2026-05-20T16:17:47,152.008,222.0576,-0.1126,-0.2609,15,157
2026-05-20T16:17:48,153.008,221.6762,-0.2435,-0.4153,15,158
2026-05-20T16:17:49,154.008,221.2349,-0.1742,-0.2386,15,159
2026-05-20T16:17:50,155.008,221.2096,-0.3495,-0.3533,15,160
2026-05-20T16:17:51,156.008,221.1616,-0.3706,-0.2131,15,161
2026-05-20T16:17:52,157.008,220.8475,-0.3030,-0.3591,15,162
2026-05-20T16:17:53,158.008,220.6234,-0.2311,-0.4504,15,163
2026-05-20T16:17:54,159.008,220.3969,-0.1925,-0.4404,15,164
2026-05-20T16:17:55,160.008,220.3656,-0.1439,-0.5696,15,165
2026-05-20T16:17:56,161.008,220.0271,-0.0614,-0.5381,15,166
2026-05-20T16:17:57,162.008,219.6420,-0.1820,-0.5974,15,167
2026-05-20T16:17:58,163.008,219.3966,-0.1916,-0.6087,15,168
2026-05-20T16:17:59,164.008,219.1464,-0.1385,-0.7117,15,169
2026-05-20T16:18:00,165.008,218.7690,-0.2882,-0.4679,15,170
2026-05-20T16:18:01,166.009,218.3435,-0.3144,-0.6212,15,171
2026-05-20T16:18:02,167.009,218.1585,-0.2189,-0.5827,15,172
2026-05-20T16:18:03,168.009,217.8191,-0.3324,-0.7777,15,173
2026-05-20T16:18:04,169.009,217.3509,-0.3903,-0.8018,15,174
2026-05-20T16:18:05,170.009,217.1104,-0.2071,-0.7137,15,175
2026-05-20T16:18:06,171.009,216.7437,-0.2508,-0.5556,15,176
2026-05-20T16:18:07,172.009,216.3659,-0.1618,-0.4892,15,177
2026-05-20T16:18:08,173.009,216.0326,-0.1450,-0.3614,15,178
2026-05-20T16:18:09,174.009,216.0320,-0.2090,-0.3817,15,179
2026-05-20T16:18:10,175.009,215.8422,-0.1499,-0.2885,15,180
2026-05-20T16:18:11,176.009,215.6526,-0.2487,-0.2015,15,181
2026-05-20T16:18:12,177.007,215.5835,-0.2231,-0.1482,15,182
2026-05-20T16:18:13,178.009,215.4423,-0.2452,-0.1088,15,183
2026-05-20T16:18:14,179.009,215.2352,-0.0912,-0.1066,15,184
2026-05-20T16:18:15,180.009,215.0047,-0.1353,-0.1954,15,185
2026-05-20T16:18:16,181.005,214.9918,-0.2276,-0.2010,15,186
2026-05-20T16:18:17,182.007,215.0196,-0.2182,-0.2313,15,187
2026-05-20T16:18:18,183.009,215.0873,-0.1903,-0.3246,15,188
2026-05-20T16:18:19,184.008,215.0981,-0.3446,-0.4677,15,189
2026-05-20T16:18:20,185.008,214.8536,-0.1777,-0.2414,15,190
2026-05-20T16:18:21,186.008,214.8041,-0.2153,-0.0772,15,191
2026-05-20T16:18:22,187.008,214.7241,-0.2662,-0.2294,15,192
2026-05-20T16:18:23,188.008,214.5852,-0.3570,-0.2363,15,193
2026-05-20T16:18:24,189.008,214.6218,-0.3967,-0.2711,15,194
2026-05-20T16:18:25,190.008,214.8450,-0.3234,-0.2825,15,195
2026-05-20T16:18:26,191.008,214.8208,-0.3635,-0.3397,15,196
2026-05-20T16:18:27,192.008,214.8763,-0.3883,-0.0873,15,197
2026-05-20T16:18:28,193.008,214.4917,-0.3556,-0.1213,15,198
2026-05-20T16:18:29,194.008,214.1692,-0.3412,0.1250,15,199
2026-05-20T16:18:30,195.008,213.6728,-0.3417,-0.2786,15,200
2026-05-20T16:18:31,196.008,213.5601,-0.3937,-0.2320,15,201
2026-05-20T16:18:32,197.008,213.3470,-0.4090,-0.2890,15,202
2026-05-20T16:18:33,198.008,213.0834,-0.3725,-0.2320,15,203
2026-05-20T16:18:34,199.008,212.7827,-0.3449,-0.4049,15,204
2026-05-20T16:18:35,200.008,212.8753,-0.3596,-0.5755,15,205
2026-05-20T16:18:36,201.008,212.5962,-0.4691,-0.4259,15,206
2026-05-20T16:18:37,202.008,212.5333,-0.4212,-0.4980,15,207
2026-05-20T16:18:38,203.008,212.3884,-0.2501,-0.4970,15,208
2026-05-20T16:18:39,204.008,211.9101,-0.2390,-0.4424,15,209
2026-05-20T16:18:40,205.008,212.0194,-0.3663,-0.2316,15,210
2026-05-20T16:18:41,206.008,211.9267,-0.4694,0.0695,15,211
2026-05-20T16:18:42,207.008,211.7476,-0.4444,-0.1157,15,212
2026-05-20T16:18:43,208.009,211.6754,-0.3969,-0.0034,15,213
2026-05-20T16:18:44,209.009,211.2329,-0.4289,-0.0632,15,214
2026-05-20T16:18:45,210.009,211.2230,-0.3528,-0.0328,15,215
2026-05-20T16:18:46,211.009,211.2007,-0.3824,-0.2117,15,216
2026-05-20T16:18:47,212.009,211.3896,-0.3662,-0.0835,15,217
2026-05-20T16:18:48,213.009,211.0618,-0.2483,-0.2536,15,218
2026-05-20T16:18:49,214.009,211.2262,-0.3600,-0.2631,15,219
2026-05-20T16:18:50,215.009,211.0448,-0.2770,-0.4195,15,220
2026-05-20T16:18:51,216.008,211.1443,-0.3315,-0.3926,15,221
2026-05-20T16:18:52,217.009,211.0809,-0.4000,-0.2560,15,222
2026-05-20T16:18:53,218.009,210.8444,-0.4094,-0.1167,15,223
2026-05-20T16:18:54,219.009,210.5967,-0.4331,-0.2627,15,224
2026-05-20T16:18:55,220.009,210.4637,-0.2976,-0.3188,15,225
2026-05-20T16:18:56,221.009,210.3567,-0.3109,-0.2140,15,226
2026-05-20T16:18:57,222.009,210.3177,-0.3714,-0.1517,15,227
2026-05-20T16:18:58,223.009,210.2947,-0.4379,-0.0330,15,228
2026-05-20T16:18:59,224.009,210.1086,-0.4330,-0.1517,15,229
2026-05-20T16:19:00,225.009,210.2533,-0.2973,-0.4135,15,230
2026-05-20T16:19:01,226.007,209.6907,-0.2830,-0.3298,15,231
2026-05-20T16:19:02,227.009,209.4517,-0.3281,-0.2446,15,232
2026-05-20T16:19:03,228.009,209.3562,-0.3357,-0.2690,15,233
2026-05-20T16:19:04,229.009,209.5075,-0.3213,-0.4763,15,234
2026-05-20T16:19:05,230.008,209.2938,-0.2482,-0.2643,15,235
2026-05-20T16:19:06,231.009,209.0327,-0.3130,-0.0519,15,236
2026-05-20T16:19:07,232.009,208.7547,-0.2688,0.0165,15,237
2026-05-20T16:19:08,233.008,208.6260,-0.2849,-0.0200,15,238
2026-05-20T16:19:09,234.007,208.1362,-0.4147,-0.1576,15,239
2026-05-20T16:19:10,235.008,208.2094,-0.5847,-0.1290,15,240
2026-05-20T16:19:11,236.007,207.8251,-0.5393,-0.1218,15,241
2026-05-20T16:19:12,237.009,207.7318,-0.4779,-0.2885,15,242
2026-05-20T16:19:13,238.009,207.7992,-0.3912,-0.2795,15,243
2026-05-20T16:19:14,239.008,207.7029,-0.4342,-0.0897,15,244
2026-05-20T16:19:15,240.009,207.9668,-0.4256,-0.2273,15,245
2026-05-20T16:19:16,241.009,207.8834,-0.4435,-0.4267,15,246
2026-05-20T16:19:17,242.008,207.9315,-0.3800,-0.5233,15,247
2026-05-20T16:19:18,243.008,208.3576,-0.3635,-0.4720,15,248
2026-05-20T16:19:19,244.008,208.0822,-0.4553,-0.1304,15,249
2026-05-20T16:19:20,245.008,207.5782,-0.3279,-0.2486,15,250
2026-05-20T16:19:21,246.008,207.5544,-0.3903,-0.2478,15,251
2026-05-20T16:19:22,247.008,207.9927,-0.3546,-0.2676,15,252
2026-05-20T16:19:23,248.008,207.7933,-0.2373,-0.3571,15,253
2026-05-20T16:19:24,249.008,207.6731,-0.1680,-0.2279,15,254
2026-05-20T16:19:25,250.008,207.6785,-0.2660,-0.1566,15,255
2026-05-20T16:19:26,251.008,207.5809,-0.2418,-0.4360,15,0
2026-05-20T16:19:27,252.008,207.5852,-0.3609,-0.4892,15,1
2026-05-20T16:19:28,253.009,207.5560,-0.3449,-0.3266,15,2
2026-05-20T16:19:29,254.007,207.3877,-0.2817,-0.2955,15,3
2026-05-20T16:19:30,255.007,207.5230,-0.3051,-0.1747,15,4
2026-05-20T16:19:31,256.009,207.8222,-0.4611,-0.1886,15,5
2026-05-20T16:19:32,257.009,208.0917,-0.4316,-0.1438,15,6
2026-05-20T16:19:33,258.009,208.0027,-0.5203,-0.2274,15,7
2026-05-20T16:19:34,259.009,207.8337,-0.4776,-0.1571,15,8
2026-05-20T16:19:35,260.009,207.7302,-0.2460,-0.3055,15,9
2026-05-20T16:19:36,261.009,208.0798,-0.3824,-0.4590,15,10
2026-05-20T16:19:37,262.009,208.0781,-0.2856,-0.5911,15,11
2026-05-20T16:19:38,263.009,208.0406,-0.4533,-0.4665,15,12
2026-05-20T16:19:39,264.009,208.1612,-0.5096,-0.3135,15,13
2026-05-20T16:19:40,265.009,208.3374,-0.5635,-0.4198,15,14
2026-05-20T16:19:41,266.009,208.2971,-0.5911,-0.4774,15,15
2026-05-20T16:19:42,267.009,208.1097,-0.4543,-0.4415,15,16
2026-05-20T16:19:43,268.009,207.9533,-0.3648,-0.2922,15,17
2026-05-20T16:19:44,269.009,207.6732,-0.1073,-0.2260,15,18
2026-05-20T16:19:45,270.009,207.4727,-0.1774,-0.4367,15,19
2026-05-20T16:19:46,271.009,207.3496,-0.1388,-0.5121,15,20
2026-05-20T16:19:47,272.007,207.4974,-0.2291,-0.3216,15,21
2026-05-20T16:19:48,273.009,207.1613,-0.2351,-0.2583,15,22
2026-05-20T16:19:49,274.009,207.1001,-0.2396,-0.2151,15,23
2026-05-20T16:19:50,275.007,206.8075,-0.4181,-0.2285,15,24
2026-05-20T16:19:51,276.009,206.5782,-0.4486,0.0455,15,25
2026-05-20T16:19:52,277.009,206.2307,-0.3886,-0.0106,15,26
2026-05-20T16:19:53,278.007,205.9125,-0.2994,0.0409,15,27
2026-05-20T16:19:54,279.008,206.0292,-0.3117,0.0494,15,28
2026-05-20T16:19:55,280.009,206.1084,-0.5064,-0.0242,15,29
2026-05-20T16:19:56,281.009,205.8102,-0.5866,-0.1517,15,30
2026-05-20T16:19:57,282.008,205.8584,-0.6802,-0.0439,15,31
2026-05-20T16:19:58,283.008,206.2361,-0.6559,0.1120,15,32
2026-05-20T16:19:59,284.007,206.0800,-0.3689,-0.0022,15,33
2026-05-20T16:20:00,285.008,206.0699,-0.3419,0.0055,15,34
2026-05-20T16:20:01,286.009,205.9974,-0.2126,-0.1374,15,35
2026-05-20T16:20:02,287.007,205.8253,-0.3805,-0.3434,15,36
2026-05-20T16:20:03,288.008,205.7465,-0.4470,-0.1293,15,37
2026-05-20T16:20:04,289.007,205.8383,-0.3759,-0.1003,15,38
2026-05-20T16:20:05,290.008,206.0097,-0.5494,-0.1569,15,39
2026-05-20T16:20:06,291.008,205.7165,-0.5765,-0.1727,15,40
2026-05-20T16:20:07,292.008,205.8126,-0.6361,-0.0547,15,41
2026-05-20T16:20:08,293.009,205.8046,-0.4249,0.0950,15,42
2026-05-20T16:20:09,294.008,205.8090,-0.3218,-0.0039,15,43
2026-05-20T16:20:10,295.008,205.6203,-0.2630,-0.0696,15,44
2026-05-20T16:20:11,296.008,205.7554,-0.3329,-0.0295,15,45
2026-05-20T16:20:12,297.008,205.5850,-0.3179,-0.1065,15,46
2026-05-20T16:20:13,298.008,205.9108,-0.4250,0.0012,15,47
2026-05-20T16:20:14,299.008,205.8099,-0.4732,-0.1454,15,48
